
INSERT INTO STAFF VALUES('1','John','Smith','A', '1234512345','M','50000',to_date('12/10/1987','mm/dd/yyyy'),'Physician');
INSERT INTO STAFF VALUES('2','Mary','Keene','S','5678909876','F','60000',to_date('08/23/1986','mm/dd/yyyy'),'Nurse');
INSERT INTO STAFF VALUES('3','Gary','Dawson',NULL,'6045248088',NULL,'70000',to_date('05/01/1989','mm/dd/yyyy'),'Office Clerk');
INSERT INTO STAFF VALUES('4','April','Nicols',NULL,'6549873210',NULL,'40000',to_date('01/15/1990','mm/dd/yyyy'),'Nurse');
INSERT INTO STAFF VALUES('5','Mike','Tyson','P','7985456128','M','80000',TO_DATE('09/15/1978','mm/dd/yyyy'),'Physician');
INSERT INTO STAFF VALUES('6','Michael','Peterson','A','9876543215','M','75000',to_date('02/12/1968','mm/dd/yyyy'),'Administrator');
INSERT INTO STAFF VALUES('7','Tim','Burton',NULL,'9568742301','M','20000',TO_DATE('05/17/1983','mm/dd/yyyy'),'Nurse');

INSERT INTO STAFF_CONTACT_INFO VALUES('1','8089','Main St','Vancouver','BC','V5JK91','6043238976');
INSERT INTO STAFF_CONTACT_INFO VALUES('2','8089','Main St','Vancouver','BC','V5JK91','7789010246');
INSERT INTO STAFF_CONTACT_INFO VALUES('3','534','Granville St','Richmond','BC','V4N1J2','6047987981');
INSERT INTO STAFF_CONTACT_INFO VALUES('4','212','Cambie St','Vancouver','BC','V6P1K9','6042312903');
INSERT INTO STAFF_CONTACT_INFO VALUES('5','7859','Oak St','Vancouver','BC','V6P3J3','7789861254');
INSERT INTO STAFF_CONTACT_INFO VALUES('6','528','Ontario St','Vancouver','BC','V8U9O0','6045855565');
INSERT INTO STAFF_CONTACT_INFO VALUES('7','6548','Seymour St','Vancouver','BC','V8U9O2','6045555578');


INSERT INTO MEDICAL_STAFF VALUES('1','1');
INSERT INTO MEDICAL_STAFF VALUES('2','2');
INSERT INTO MEDICAL_STAFF VALUES('3','4');
INSERT INTO MEDICAL_STAFF VALUES('4','5');
INSERT INTO MEDICAL_STAFF VALUES('5','7');

INSERT INTO FACILITY VALUES('0','Administration',NULL);
INSERT INTO FACILITY VALUES('1','Accident and Emergency','2');
INSERT INTO FACILITY VALUES('2','Cardiology','5');
INSERT INTO FACILITY VALUES('3','Critical Care','2');
INSERT INTO FACILITY VALUES('4','General Surgery','5');

INSERT INTO DIAGNOSTICS_UNIT VALUES('1','Radiology','1');
INSERT INTO DIAGNOSTICS_UNIT VALUES('2','MRI Scanning','4');
INSERT INTO DIAGNOSTICS_UNIT VALUES('3','Mammography','2');

INSERT INTO WARD VALUES('1','3','Trauma Centre','1');
INSERT INTO WARD VALUES('2','2','Intensive Care','3');
INSERT INTO WARD VALUES('3','1','Maternity','3');
INSERT INTO WARD VALUES('4','1','Children','3');

INSERT INTO BED VALUES('1','1','1','Y','1','Y');
INSERT INTO BED VALUES('2','1','2','Y','1','N');
INSERT INTO BED VALUES('3','2','1','Y','2','Y');
INSERT INTO BED VALUES('4','2','2','N','2','Y');

INSERT INTO PHYSICIAN VALUES('1','Brain Surgeon','1');
INSERT INTO PHYSICIAN VALUES('2','Pediatrician','5');

INSERT INTO NURSE VALUES('1','Y','1','2');
INSERT INTO NURSE VALUES('2','N','1','3');
INSERT INTO NURSE VALUES('3','Y','2','5');

INSERT INTO ADMINISTRATION VALUES('1','3');
INSERT INTO ADMINISTRATION VALUES('2','6');

INSERT INTO WORKS_IN VALUES('1','1',to_timestamp('07/25/2013 10:12:32','MM/DD/YYYY HH24:MI:SS'),to_timestamp('07/25/2013 22:56:52','MM/DD/YYYY HH24:MI:SS'),'N');
INSERT INTO WORKS_IN VALUES('2','1',to_timestamp('07/25/2013 11:40:52','MM/DD/YYYY HH24:MI:SS'),to_timestamp('07/25/2013 23:00:42','MM/DD/YYYY HH24:MI:SS'),'N');
INSERT INTO WORKS_IN VALUES('3','0',to_timestamp('07/25/2013 03:32:52','MM/DD/YYYY HH24:MI:SS'),to_timestamp('07/25/2013 15:28:42','MM/DD/YYYY HH24:MI:SS'),'Y');
INSERT INTO WORKS_IN VALUES('4','1',to_timestamp('07/25/2013 08:12:42','MM/DD/YYYY HH24:MI:SS'),to_timestamp('07/26/2013 08:12:22','MM/DD/YYYY HH24:MI:SS'),'Y');
INSERT INTO WORKS_IN VALUES('5','2',to_timestamp('07/25/2013 12:42:02','MM/DD/YYYY HH24:MI:SS'),to_timestamp('07/25/2013 23:12:45','MM/DD/YYYY HH24:MI:SS'),'N');
INSERT INTO WORKS_IN VALUES('6','0', to_timestamp('07/25/2013 01:02:12','MM/DD/YYYY HH24:MI:SS'), to_timestamp('07/25/2013 12:32:32','MM/DD/YYYY HH24:MI:SS'),'Y');
INSERT INTO WORKS_IN VALUES('7','2',to_timestamp('07/25/2013 02:30:52','MM/DD/YYYY HH24:MI:SS'),to_timestamp('07/25/2013 23:10:53','MM/DD/YYYY HH24:MI:SS'),'N');

INSERT INTO PATIENT VALUES('3216549878','Morrison','Kyle','O','M','90','183',to_date('09/17/1989','mm/dd/yyyy'));
INSERT INTO PATIENT VALUES('3098456892','King','Jamie',NULL,'F','50','150',to_date('03/25/1992','mm/dd/yyyy'));
INSERT INTO PATIENT VALUES('1098456592','Kat','Nat','C','F','55','200',to_date('07/24/1995','mm/dd/yyyy'));
INSERT INTO PATIENT VALUES('4568456123','Prior','Richard',NULL,'M','110','160',to_date('12/23/1975','mm/dd/yyyy'));

INSERT INTO PATIENT_CONTACT VALUES('3216549878','8521','Ontario St','Vancouver','BC','V3DT2W','6048978956');
INSERT INTO PATIENT_CONTACT VALUES('3098456892','456','57th Avenue','Vancouver','BC','V2N1U7','6049875632');
INSERT INTO PATIENT_CONTACT VALUES('1098456592','4555','86th Avenue','Vancouver','BC','V5L6S7','7785641234');
INSERT INTO PATIENT_CONTACT VALUES('4568456123','9986','River Rd','Richmond','BC','V6N1J7','6048872632');

INSERT INTO PATIENT_STATUS VALUES('IN','3216549878',to_timestamp('07/22/2013 08:40:52','MM/DD/YYYY HH24:MI:SS'),to_timestamp('07/23/2013 08:40:52','MM/DD/YYYY HH24:MI:SS'),to_timestamp('07/25/2013 08:40:52','MM/DD/YYYY HH24:MI:SS'),'Punctured Lung','1','1','1');
INSERT INTO PATIENT_STATUS VALUES('EMERGENCY','3098456892',to_timestamp('07/22/2013 1:00:05', 'MM/DD/YYYY HH24:MI:SS'),NULL,NULL,'Car accident','1','2','1');
INSERT INTO PATIENT_STATUS VALUES('TRANSFER','1098456592',to_timestamp('07/22/2013 13:40:52','MM/DD/YYYY HH24:MI:SS'),to_timestamp('07/23/2013 15:40:52','MM/DD/YYYY HH24:MI:SS'),to_timestamp('07/25/2013 09:40:52','MM/DD/YYYY HH24:MI:SS'),'Fracture','5','3','2');
INSERT INTO PATIENT_STATUS VALUES('OUT','4568456123',to_timestamp('07/22/2013 15:40:52','MM/DD/YYYY HH24:MI:SS'),to_timestamp('07/23/2013 14:40:52','MM/DD/YYYY HH24:MI:SS'),to_timestamp('07/25/2013 01:40:52','MM/DD/YYYY HH24:MI:SS'),'Routine Check','5',NULL,'2');

INSERT INTO VITALS VALUES('3216549878',to_timestamp('07/23/2013 11:45:08','MM/DD/YYYY HH24:MI:SS'),'1','90','18','130/50','20','Responding well to medication');
INSERT INTO VITALS VALUES('3216549878',to_timestamp('07/23/2013 12:55:28','MM/DD/YYYY HH24:MI:SS'),'1','80','19','100/50','25','Resting');
INSERT INTO VITALS VALUES('3098456892',to_timestamp('07/24/2013 10:35:21','MM/DD/YYYY HH24:MI:SS'),'2','80','20','60/50','15','Stable');
INSERT INTO VITALS VALUES('1098456592',to_timestamp('07/24/2013 09:23:30', 'mm/dd/yyyy HH24:MI:ss'),'3','50','25','89/120','170','Stable');
INSERT INTO VITALS VALUES('1098456592',to_timestamp('07/25/2013 20:25:09','mm/dd/yyyy HH24:MI:ss'),'3','60','33','150/70','60','Stable');
INSERT INTO VITALS VALUES('4568456123',to_timestamp('07/25/2013 22:25:09','mm/dd/yyyy HH24:MI:ss'),'3','60','33','150/70','60','Stable');

INSERT INTO PATIENT_ALLERGY VALUES('3216549878','Eggs','No consumption of eggs in any form');
INSERT INTO PATIENT_ALLERGY VALUES('3216549878','Fish','On consumption');
INSERT INTO PATIENT_ALLERGY VALUES('1098456592','Poultry','On consumption');

INSERT INTO PATIENT_MEDICATION VALUES('3216549878','Tylenol #3','2','For pain every 2 hours');
INSERT INTO PATIENT_MEDICATION VALUES('3098456892','Morphine','1','For pain every 3 hours');
INSERT INTO PATIENT_MEDICATION VALUES('4568456123','Amoxiciline','1','Once every 4 hours');

INSERT INTO BILLING_INFO VALUES('1','5000',to_timestamp('07/24/2013','MM/DD/YYYY'),'3216549878','1','Y');

INSERT INTO EMERGENCY_CONTACT VALUES('3216549878','Johnny Cash','6049861345','864 Cambie St. Richmond');
INSERT INTO EMERGENCY_CONTACT VALUES('3098456892','Kitty Kat','6043333313','524 Canada Way Burnaby');
INSERT INTO EMERGENCY_CONTACT VALUES('1098456592','Puffy Puff','6049876532','385 Lawlerskater Way Rofland');
INSERT INTO EMERGENCY_CONTACT VALUES('4568456123','Stan Marsh','6048889765','2211 Pinetree St Coquitlam');

INSERT INTO ORDERS VALUES('1','Chest cavity and lung surgery','3216549878',to_timestamp('07/23/2013 11:30:28','MM/DD/YYYY HH24:MI:SS'),to_timestamp('07/23/2013 08:30:25','MM/DD/YYYY HH24:MI:SS'),'1','1','1','file.pdf');

INSERT INTO DIAGNOSIS VALUES('1','1','3216549878','Punctured Lung');
INSERT INTO DIAGNOSIS VALUES('2','1','3098456892','Broken Leg');

INSERT INTO VENDOR VALUES('1','5565 Viking Way Richmond','Mirax');
INSERT INTO VENDOR VALUES('2','902 Commercial Dr Vancouver','Teral');
INSERT INTO VENDOR VALUES('3','123456 Industrial Drive Vancouver','Pillaxo');

INSERT INTO ITEM VALUES('1','10','2');
INSERT INTO ITEM VALUES('2','5','1');
INSERT INTO ITEM VALUES('3','2','3');
INSERT INTO ITEM VALUES('4','5','3');
INSERT INTO ITEM VALUES('5','10','3');
INSERT INTO ITEM VALUES('6','25','2');

INSERT INTO ITEM_USED VALUES('1','1',to_timestamp('07/23/2013 12:25:23','MM/DD/YYYY HH24:MI:SS'),'2');

INSERT INTO ITEM_TYPE VALUES('1','Needles','Medical');
INSERT INTO ITEM_TYPE VALUES('2','Swabs','Medical');
INSERT INTO ITEM_TYPE VALUES('3','Tissue Paper','Other');
INSERT INTO ITEM_TYPE VALUES('4','Paper','Other');
INSERT INTO ITEM_TYPE VALUES('5','Pillow','Other');
INSERT INTO ITEM_TYPE VALUES('6','Scapel','Surgical');

INSERT INTO SUPPLY VALUES('1',to_timestamp('07/15/2013 11:35:43','MM/DD/YYYY HH24:MI:SS'),to_timestamp('07/31/2013 11:35:00','MM/DD/YYYY HH24:MI:SS'),'100','1');
INSERT INTO SUPPLY VALUES('2',to_timestamp('07/10/2013 05:45:13','MM/DD/YYYY HH24:MI:SS'),to_timestamp('07/26/2013 06:00:00','MM/DD/YYYY HH24:MI:SS'),'180','1');
INSERT INTO SUPPLY VALUES('3',to_timestamp('07/18/2013 10:35:23','MM/DD/YYYY HH24:MI:SS'),to_timestamp('07/30/2013 01:00:00','MM/DD/YYYY HH24:MI:SS'),'250','2');
INSERT INTO SUPPLY VALUES('4',to_timestamp('07/18/2013 10:35:23','MM/DD/YYYY HH24:MI:SS'),to_timestamp('07/30/2013 01:00:00','MM/DD/YYYY HH24:MI:SS'),'150','2');
INSERT INTO SUPPLY VALUES('5',to_timestamp('07/18/2013 10:35:23','MM/DD/YYYY HH24:MI:SS'),to_timestamp('07/30/2013 01:00:00','MM/DD/YYYY HH24:MI:SS'),'50','2');
INSERT INTO SUPPLY VALUES('6',to_timestamp('07/10/2013 05:45:13','MM/DD/YYYY HH24:MI:SS'),to_timestamp('07/26/2013 06:00:00','MM/DD/YYYY HH24:MI:SS'),'30','1');

CREATE OR REPLACE VIEW view_payroll
AS SELECT Staff_id, F_name, L_name, SSN, Position, Salary
FROM staff;

CREATE OR REPLACE VIEW items_receivables 
AS SELECT item.item_id, cost, vend_id, item_name, date_purchased, date_expected, quantity
FROM item, item_type, supply
WHERE item.item_id = item_type.item_id
AND item.item_id = supply.item_id;

COMMIT;
